File,Role,Bytes,SHA256,Inspection
.gitignore,.gitignore,5552,4604a64dbc2ec164bd9d95c0b5687e6aaa7dd0ab75ad8b12f957c657e7ca3750,Content inspected
.vscode/.gitignore,.vscode,0,e3b0c44298fc1c149afbf4c8996fb92427ae41e4649b934ca495991b7852b855,Content inspected
.vscode/settings.json,.vscode,742,edac8560af267c2484932a8d8dcf7f5cd32a16d2c927c151a81d7bd60e8344fd,Content inspected
data/clean/airline_losses_clean.csv,Generated clean data,4730,683f0b3da84c57bb65dd757517cab4dbd487e400395dbce43288193d987b511d,Content inspected
data/clean/airline_losses_estimate_clean.csv,Generated clean data,1718,49f0840bbae1800f4ba621c62a9d0a8757e5574c970655f19b71a7c5aafa22ea,Content inspected
data/clean/airport_disruptions_clean.csv,Generated clean data,22423,8228fcc5f2a3d2a314184bd55131397c648e5f300792e76c12faba5ead915fa7,Content inspected
data/clean/airspace_closures_clean.csv,Generated clean data,10235,7c9332dd3f6ddbbf0491280aa2c8e50f579084b5c5468fd9bb65d3deed1445be,Content inspected
data/clean/conflict_events_clean.csv,Generated clean data,17848,ac1063db8d61dbf7d06a07892fffd35621e01e4411b1e4405711d9e3c6cc1750,Content inspected
data/clean/flight_cancellations_clean.csv,Generated clean data,300168,668b46f415e34dbe45fb84cc29301a5cca5b10ed52539fc96bc9e5749c869e77,Content inspected
data/clean/flight_reroutes_clean.csv,Generated clean data,239488,88c022f516a7cfb9724a542b5519fd2ad7f3dfd037137132e71c3782041cea7d,Content inspected
data/raw/airline_losses.csv,Immutable source,4801,f0ddb3915d7c4eb536fddab1ea0ef5d2e5d8c4ada1426e5eb495b05f47d330d5,Content inspected
data/raw/airline_losses_estimate.csv,Immutable source,1664,c62a151ef77b00d62b376106d679b1017613f5df683cdb540a5e7af17e016ac0,Content inspected
data/raw/airport_disruptions.csv,Immutable source,22651,d94fb3ec80de7eea573ae241c16bc57614d8b9c80ac32a8d921949c7dfc9e3d6,Content inspected
data/raw/airspace_closures.csv,Immutable source,9816,97cf8ab383d94625527185b910ff1042a8942ab30bc4b22fe32445ea3843b541,Content inspected
data/raw/conflict_events.csv,Immutable source,16517,cd64947a47affd7f149f11868182cac10d719dbed297dc01066a35c3273eebdf,Content inspected
data/raw/flight_cancellations.csv,Immutable source,302369,3c076ece7db11a82f6f3c54e084769566b7c71f1c43588b2b96b6a9a2cfb24d5,Content inspected
data/raw/flight_reroutes.csv,Immutable source,240989,1e9f94c8de44b855f8c98ac7c174204e01364de780d3ab0a03eba958e887658a,Content inspected
documentation/.gitkeep,documentation,0,e3b0c44298fc1c149afbf4c8996fb92427ae41e4649b934ca495991b7852b855,Content inspected
documentation/_archive/Business Requirements - before 2026-10-01.docx,documentation,53616,bd3b9ffb267f0a2a61ecac04f479a3a330d5ee84cf73b761f9281015d7abdc2e,Content inspected
documentation/_archive/Cleaning Log - Python.docx,documentation,219072,a8b982dfad695af2c7efcf1a2e016d54fae8c3a96a4b041e56f45ca55544d58a,Content inspected
documentation/_archive/Data Dictionary - SQL.docx,documentation,11323,c3bec53e3ae508075bf7d123869752ff190c3e080f5f958740fd3fd5799f7e34,Content inspected
documentation/_archive/Executive Key Findings & Business Implications.docx,documentation,28091,a58e7272203b1f5c73b69d7eed71101038b5ad93bfbf48a7f766290d5ab37627,Content inspected
documentation/_archive/Global Aviation Disruption Assessment Business Requirements - before document finalization 2026-10-02.docx,documentation,57480,5578edde6335f9124f2d8d20de2de873279f90452b30b345299b7f4c4be7f510,Content inspected
documentation/_archive/Global Aviation Disruption Assessment Business Requirements - before final release alignment.docx,documentation,56682,aa305326effd18216093d5810efc8fbe12c5e719bf587e92e7b90fb0e27d17d8,Content inspected
documentation/_archive/Global Aviation Disruption Assessment Executive Findings - before document finalization 2026-10-02.docx,documentation,42426,2e0108a3bfca0abf7759c6812d5b333ea4c84474fe7fe92b68a0c41c151a77a9,Content inspected
documentation/_archive/Global Aviation Disruption Assessment Technical Documentation - before document finalization 2026-10-02.docx,documentation,297057,8d896a977a70a663e03feed214a43213a1a1bf6b8abede3b314269e2b213267b,Content inspected
documentation/_archive/Global Aviation Disruption Assessment Technical Documentation - before final release alignment.docx,documentation,295830,2e8867b5e9d74a960c1196d7cf0092943ec184f69e8a7226b5b69ce3d3e27c96,Content inspected
documentation/_archive/Portfolio Study and Interview Guide - before document finalization 2026-10-02.docx,documentation,52265,cb384be497e34246fb6ac072ff25fa737004e1fc8f8d807b12dffe0537bfe09b,Content inspected
documentation/_archive/Project Documentation.docx,documentation,224274,a6ad06c4adda97912d19d9606816deffe5198eee46c4243503a200ee0d737833,Content inspected
documentation/_archive/Technical Documentation - before 2026-10-01.docx,documentation,162704,406e8c7f8e12d6a218b88919a85e51095be398735fc86849da3913d96da80aec,Content inspected
documentation/Complete Project Audit.md,documentation,19739,e8d291d2c64103782b9ff65898b78845bd04ca09edb56030013e03e314cc7af4,Content inspected
documentation/Global Aviation Disruption Assessment Business Requirements.docx,documentation,57378,bb1a9eb79159b6fda6567748c9640aa5f5195c29d176aba35c5bdca15b48b395,Content inspected
documentation/Global Aviation Disruption Assessment Executive Findings.docx,documentation,42795,f05817e64e8e9f62a7cd9840d984318c583d0c854c41a02b0b7ed5cee21298a8,Content inspected
documentation/Global Aviation Disruption Assessment Technical Documentation.docx,documentation,300111,77477d5f9dc96aa716654adb3af522007f0f2b3120691f4341e4fe7b8d2f011b,Content inspected
documentation/Remediation Change Log.md,documentation,47921,1cec7557dcf4b0d01992e873d26adba266d0d5094e49db27a039dcfa9fd7d3c7,Content inspected
extensions.txt,extensions.txt,508,dd5180c4b551d69a7ac59f1ef6830e9ef020d1c29f59d542592c6069e69be7ec,Content inspected
LICENSE,LICENSE,1087,f2689e504bc242cabe2eac1d7de635a9e9a4069967a403d37c8e273a47e6e841,Content inspected
powerbi/Global Aviation Disruption Assessment 2026 DASHBOARD.pbip,powerbi,224,ee26a9206a69220e29cb08efcaf3fd409c6f42b09736bb94135c2d04bf5aee66,Content inspected
powerbi/Global Aviation Disruption Assessment 2026 DASHBOARD.Report/.platform,powerbi,346,e185cf24c03515dff721474a40c397ab9d23a47cf7dd7e7911c71cdd3139cfcb,Content inspected
powerbi/Global Aviation Disruption Assessment 2026 DASHBOARD.Report/definition/pages/0463eab4da08da86a294/page.json,powerbi,1245,a31a5e0b00ba441fe040e928cd6c641c003224222cafd0cc835c6f06f996cd72,Content inspected
powerbi/Global Aviation Disruption Assessment 2026 DASHBOARD.Report/definition/pages/0463eab4da08da86a294/visuals/07c9a98f40a5a4b48a23/visual.json,powerbi,382,056d94f30bea10d8aab2e5de7b489db7be88f53f12f9749eba1a93bdada916eb,Content inspected
powerbi/Global Aviation Disruption Assessment 2026 DASHBOARD.Report/definition/pages/0463eab4da08da86a294/visuals/0a5cb3f16709b07dc333/visual.json,powerbi,1637,d3b07b41895817ee84309dff4f213ca44838814ebb7b7c5a88264fc16f294e90,Content inspected
powerbi/Global Aviation Disruption Assessment 2026 DASHBOARD.Report/definition/pages/0463eab4da08da86a294/visuals/15f227a8b5486b502048/visual.json,powerbi,19929,4cddd0d6bccf2f141a2d66652566ad84300b71dd52bd08cf54abd7e0a3d52ab8,Content inspected
powerbi/Global Aviation Disruption Assessment 2026 DASHBOARD.Report/definition/pages/0463eab4da08da86a294/visuals/59295142aa2c05067db6/visual.json,powerbi,11526,25bafcc819dbac7efa6c8ef60fae92e77a13841fdcd202426fa8e83602e6cbec,Content inspected
powerbi/Global Aviation Disruption Assessment 2026 DASHBOARD.Report/definition/pages/0463eab4da08da86a294/visuals/5f4fb7852550b0abaae0/visual.json,powerbi,17880,ae81574c76015b704f4f361cbf0679b820b26f2ac4d9dd7b6938b00f415212f1,Content inspected
powerbi/Global Aviation Disruption Assessment 2026 DASHBOARD.Report/definition/pages/0463eab4da08da86a294/visuals/61659af7000220b0e8cc/visual.json,powerbi,17335,9b49c1872409aa2f47fbe3534b1a1d91114706cd91dd6e5a941cf09e2677f3c8,Content inspected
powerbi/Global Aviation Disruption Assessment 2026 DASHBOARD.Report/definition/pages/0463eab4da08da86a294/visuals/a1aa9c90a09a5d4990da/visual.json,powerbi,17839,e5ae18b4b6a227df203a9f3ec1906634f3cc2a693616795f7cad5a7dfc6faba5,Content inspected
powerbi/Global Aviation Disruption Assessment 2026 DASHBOARD.Report/definition/pages/0463eab4da08da86a294/visuals/a5c8fd1d02467879a0cd/visual.json,powerbi,17481,086cf1ac7d82ffe541dae331d68e6f6d78f4e061ff1f0255c7bde3701214b2c5,Content inspected
powerbi/Global Aviation Disruption Assessment 2026 DASHBOARD.Report/definition/pages/0463eab4da08da86a294/visuals/a9a4ce7f801b5b060c05/visual.json,powerbi,17044,7d5910f9c9611951bea711efc35b25f8dfa245ab5f7d8944eaa0c9644a2b6cda,Content inspected
powerbi/Global Aviation Disruption Assessment 2026 DASHBOARD.Report/definition/pages/0463eab4da08da86a294/visuals/b2362cc6c8e1830030e3/visual.json,powerbi,18973,168a144bf90aecc671609d740f8ac93c404e5d0004ab2430d1653a02cbcd018a,Content inspected
powerbi/Global Aviation Disruption Assessment 2026 DASHBOARD.Report/definition/pages/0463eab4da08da86a294/visuals/c565ee27305c3d9a2296/visual.json,powerbi,18441,7d6b6f34208a2f2d9b5b63f18a26719a673b659e655379abeb3d3ef63645b429,Content inspected
powerbi/Global Aviation Disruption Assessment 2026 DASHBOARD.Report/definition/pages/0463eab4da08da86a294/visuals/e01c32003e2438a21c11/visual.json,powerbi,2687,2685f4685d5df47a00f9e68c63d77c13be622f631bd4bf1411fecdcd397028ef,Content inspected
powerbi/Global Aviation Disruption Assessment 2026 DASHBOARD.Report/definition/pages/0463eab4da08da86a294/visuals/e91638af5b2700a26b14/visual.json,powerbi,17200,118c9497bd8ac346f6dea6bbd5f706e4dee33e37531f1016ecc5e895a2fdfd9c,Content inspected
powerbi/Global Aviation Disruption Assessment 2026 DASHBOARD.Report/definition/pages/805d14d7832500a05d82/page.json,powerbi,10194,9d5c6d3cf25dc7866130726a59ad445685ce0d1b2226e04c345d94d1003ab26d,Content inspected
powerbi/Global Aviation Disruption Assessment 2026 DASHBOARD.Report/definition/pages/805d14d7832500a05d82/visuals/04fc0231469362321905/visual.json,powerbi,14914,abf920b086a64e487b6a3476336cc08171da9b8b43f811443df1e2b01c78296f,Content inspected
powerbi/Global Aviation Disruption Assessment 2026 DASHBOARD.Report/definition/pages/805d14d7832500a05d82/visuals/0952538f35d7271097bc/visual.json,powerbi,18321,af5c7666bed289c10de69736d76a76dfe0d8e4260c15801d0a5875a2cadb595b,Content inspected
powerbi/Global Aviation Disruption Assessment 2026 DASHBOARD.Report/definition/pages/805d14d7832500a05d82/visuals/1c2def560b075285648e/visual.json,powerbi,16929,0813988c41054e21511b3d17c72760178142e7e875a3867ab8d27d08fbd738f7,Content inspected
powerbi/Global Aviation Disruption Assessment 2026 DASHBOARD.Report/definition/pages/805d14d7832500a05d82/visuals/2d8510c1ac0b3ece0332/visual.json,powerbi,383,fe1dff3648753353fc97e09c15344951f9048a15898bc9c6e92b59acc6d88cdb,Content inspected
powerbi/Global Aviation Disruption Assessment 2026 DASHBOARD.Report/definition/pages/805d14d7832500a05d82/visuals/32484ea84603c3c40011/visual.json,powerbi,18133,7abf91e16f1041a0223de442719a028ee9ef3f8dc907e76e6681ec5cdd272b9d,Content inspected
powerbi/Global Aviation Disruption Assessment 2026 DASHBOARD.Report/definition/pages/805d14d7832500a05d82/visuals/34c4bf00b0ae1d189703/visual.json,powerbi,9156,cff2506d7614f27987338adbf32a03cea31fd4d1ebd2d9fa427dbc2cc7cc57c4,Content inspected
powerbi/Global Aviation Disruption Assessment 2026 DASHBOARD.Report/definition/pages/805d14d7832500a05d82/visuals/44e7b9f53caae490118c/visual.json,powerbi,13478,db26d04efc642c9914e8e1bc5d4d4dba3694e44c8c21849e9bc77f661f147eb1,Content inspected
powerbi/Global Aviation Disruption Assessment 2026 DASHBOARD.Report/definition/pages/805d14d7832500a05d82/visuals/466107bae84280e984a7/visual.json,powerbi,9563,258289760744214766ec4ccfa1cf98567571ce0dd65732e754ac3f7d0f009934,Content inspected
powerbi/Global Aviation Disruption Assessment 2026 DASHBOARD.Report/definition/pages/805d14d7832500a05d82/visuals/50fb619db920e939cd0e/visual.json,powerbi,17608,d39945ccb6f32f66bdae0819fd90cfc2663b46e5cf2e7c4263804bc91b5bf363,Content inspected
powerbi/Global Aviation Disruption Assessment 2026 DASHBOARD.Report/definition/pages/805d14d7832500a05d82/visuals/53c851b50e60d1c907d9/visual.json,powerbi,16785,b9c6239f280e741b67c6112a9fa1a9f702532512b00f653c6a19630276b0ed04,Content inspected
powerbi/Global Aviation Disruption Assessment 2026 DASHBOARD.Report/definition/pages/805d14d7832500a05d82/visuals/5e6520bf2c5ec8979c75/visual.json,powerbi,1637,925df42964bcf0e0bb5016272a00db30b304265ffb1963fe3710994ea9ba21dc,Content inspected
powerbi/Global Aviation Disruption Assessment 2026 DASHBOARD.Report/definition/pages/805d14d7832500a05d82/visuals/6f7684208030d9736b28/visual.json,powerbi,2186,f9aa19a26d1fa64d2176dc40048b3cffe0626077cb54eb50b058587f4fbdf8ff,Content inspected
powerbi/Global Aviation Disruption Assessment 2026 DASHBOARD.Report/definition/pages/805d14d7832500a05d82/visuals/71a12445dd02582c1a6b/visual.json,powerbi,16900,02c04257b0764d3dc120fe059e1c33f8eefeac0932df83825ec515b534751f74,Content inspected
powerbi/Global Aviation Disruption Assessment 2026 DASHBOARD.Report/definition/pages/805d14d7832500a05d82/visuals/79df6a1b77079d4246d1/visual.json,powerbi,9332,468ce24f3d02ec07215f066828068e37994d4554df6a1bd6e715dd41f011127b,Content inspected
powerbi/Global Aviation Disruption Assessment 2026 DASHBOARD.Report/definition/pages/805d14d7832500a05d82/visuals/7cd1ce5064500d26200d/visual.json,powerbi,18192,026f2adb2e924681b8ac9da9646b1942a099cefcb76e7349ff7ae4791ae7e3a6,Content inspected
powerbi/Global Aviation Disruption Assessment 2026 DASHBOARD.Report/definition/pages/805d14d7832500a05d82/visuals/86d02df5173a09b0a1d3/visual.json,powerbi,9430,d3378b6f3cf2e787f11747b55a1704d16543bbb1d774a1efe9abbd26a4f66606,Content inspected
powerbi/Global Aviation Disruption Assessment 2026 DASHBOARD.Report/definition/pages/805d14d7832500a05d82/visuals/8dd57a77d6c2170843c8/visual.json,powerbi,17134,2d3699fbaa6da023f34b99b686df94371df7a92b5eebec4043fa9107f8a45ec1,Content inspected
powerbi/Global Aviation Disruption Assessment 2026 DASHBOARD.Report/definition/pages/805d14d7832500a05d82/visuals/8e8590a20770a5092100/visual.json,powerbi,4630,aaef93b28674775ccd037b844c448dcb1b90bbecbd121aa61d816c6116ab8210,Content inspected
powerbi/Global Aviation Disruption Assessment 2026 DASHBOARD.Report/definition/pages/805d14d7832500a05d82/visuals/901d090b900024a584d1/visual.json,powerbi,16801,cd92325bab0147f5040dd4199ba99b8ef95222b5f5c9c2dd7886be87ddbbc539,Content inspected
powerbi/Global Aviation Disruption Assessment 2026 DASHBOARD.Report/definition/pages/805d14d7832500a05d82/visuals/9746c5089c3a5d724eb2/visual.json,powerbi,9357,4e2d9c0588cdb86353a66d3c7289da1391ad369dbc6c051ff55a278cbeb1f7a1,Content inspected
powerbi/Global Aviation Disruption Assessment 2026 DASHBOARD.Report/definition/pages/805d14d7832500a05d82/visuals/bed0495f053586bbbc57/visual.json,powerbi,383,6f948fb2c00b3dbe570bc86fc09c1c068131494cd2c34f326a020e7491d1c158,Content inspected
powerbi/Global Aviation Disruption Assessment 2026 DASHBOARD.Report/definition/pages/90a7379b1f9c8dac5138/page.json,powerbi,13006,f900766312e7213e3be5a1277acc4acc7cb4a396dc5d12d572f6414fda424941,Content inspected
powerbi/Global Aviation Disruption Assessment 2026 DASHBOARD.Report/definition/pages/90a7379b1f9c8dac5138/visuals/0c50047578f303e2f12d/visual.json,powerbi,4630,908f5a7bc35c4fdd9ddd9c560cc6949345fdc69c2332b9062e5dac132e4113a0,Content inspected
powerbi/Global Aviation Disruption Assessment 2026 DASHBOARD.Report/definition/pages/90a7379b1f9c8dac5138/visuals/19f5f855fd76c1ff2e7b/visual.json,powerbi,17743,d3d3cbd78e2cc2629327eb453e1c3bd0612d149f1e753ba541d20a2196090369,Content inspected
powerbi/Global Aviation Disruption Assessment 2026 DASHBOARD.Report/definition/pages/90a7379b1f9c8dac5138/visuals/2170912132ff10f77b66/visual.json,powerbi,1637,0243e16f85449f9e379f7e10debf5736170af29706eac5312b7ea6637dc92e89,Content inspected
powerbi/Global Aviation Disruption Assessment 2026 DASHBOARD.Report/definition/pages/90a7379b1f9c8dac5138/visuals/24ecf3335ea791d791a8/visual.json,powerbi,14873,682cc0dfdd5015c2f33a1908aa296815b340613d39329a80b39a40dd03185f8d,Content inspected
powerbi/Global Aviation Disruption Assessment 2026 DASHBOARD.Report/definition/pages/90a7379b1f9c8dac5138/visuals/3ac89b14c2cc36458324/visual.json,powerbi,1171,206e3567faf0c83a04beac1404e6326a7158082376d3cf081ddf758f4473d26f,Content inspected
powerbi/Global Aviation Disruption Assessment 2026 DASHBOARD.Report/definition/pages/90a7379b1f9c8dac5138/visuals/45b2a335937d6e77ca6f/visual.json,powerbi,18116,b596c876e0bef01ddcf4b590e35cfe166a6e20f51c09f65daf16109dd5545581,Content inspected
powerbi/Global Aviation Disruption Assessment 2026 DASHBOARD.Report/definition/pages/90a7379b1f9c8dac5138/visuals/4819023ce8bd7b825952/visual.json,powerbi,14965,def05fa29bbb68b8a1caab27f1514857c4d20547aca99a7542a322e47e484d34,Content inspected
powerbi/Global Aviation Disruption Assessment 2026 DASHBOARD.Report/definition/pages/90a7379b1f9c8dac5138/visuals/5d0266ca078f83e20711/visual.json,powerbi,9221,4465dfcd747df57678a8a9935641fe4b1dcbde1dea7683bd33f696911e0d56d8,Content inspected
powerbi/Global Aviation Disruption Assessment 2026 DASHBOARD.Report/definition/pages/90a7379b1f9c8dac5138/visuals/5d48327250f94239ac70/visual.json,powerbi,17483,61060db84e3aecd528ea1e2a262dc246d92fb638214659b21fec3266c791eb13,Content inspected
powerbi/Global Aviation Disruption Assessment 2026 DASHBOARD.Report/definition/pages/90a7379b1f9c8dac5138/visuals/625904d361d1a24b34cc/visual.json,powerbi,9358,81f0204ef113ba78eb16ee112fe63dad16b6e7515f6e7f3bc6bb4ee2e455d493,Content inspected
powerbi/Global Aviation Disruption Assessment 2026 DASHBOARD.Report/definition/pages/90a7379b1f9c8dac5138/visuals/629362a17e429601b7b6/visual.json,powerbi,384,6ece73e42dec828d4ba8d6977ffadba6dba492a98e6728632478bca7ba630eb4,Content inspected
powerbi/Global Aviation Disruption Assessment 2026 DASHBOARD.Report/definition/pages/90a7379b1f9c8dac5138/visuals/82e1ec87cceb70c8bded/visual.json,powerbi,17554,4a6116d8057601ae387e47c2ee9e1d561b424bcffb95cc54cce5464a20d15f90,Content inspected
powerbi/Global Aviation Disruption Assessment 2026 DASHBOARD.Report/definition/pages/90a7379b1f9c8dac5138/visuals/890ffba010ab6cfbd856/visual.json,powerbi,9314,5b0d5360cb744bc6c87d92b151f401975f68292857b3b7e5cac6ed5d1428a013,Content inspected
powerbi/Global Aviation Disruption Assessment 2026 DASHBOARD.Report/definition/pages/90a7379b1f9c8dac5138/visuals/9733d8ccce9e9c000c38/visual.json,powerbi,5054,9c83839fd632193680f0f07519b38c02acb5e7410ca0070a51bfcb23db636d90,Content inspected
powerbi/Global Aviation Disruption Assessment 2026 DASHBOARD.Report/definition/pages/90a7379b1f9c8dac5138/visuals/a45b28875577ed96248e/visual.json,powerbi,9173,705b05ec0de5c5ff5be26281839a715ea41a83307129dfda9faee8efc5cc9827,Content inspected
powerbi/Global Aviation Disruption Assessment 2026 DASHBOARD.Report/definition/pages/90a7379b1f9c8dac5138/visuals/ab99312213565aa38d3e/visual.json,powerbi,12087,196f32eb61782da9b955ab29b95ad77bd4b6e436d91eaa735251bf5fd5890434,Content inspected
powerbi/Global Aviation Disruption Assessment 2026 DASHBOARD.Report/definition/pages/90a7379b1f9c8dac5138/visuals/b4f0acc3abc2bdd0d49c/visual.json,powerbi,15868,d5b73b48103442771656a99656fd82f1522bad42558a3ea63f24544f6791f7ca,Content inspected
powerbi/Global Aviation Disruption Assessment 2026 DASHBOARD.Report/definition/pages/90a7379b1f9c8dac5138/visuals/b57fbead7d936df0f274/visual.json,powerbi,2181,29fb3110530565dd4b563db462f98713e9bc89a5b463bc4cb46e3179b9a63049,Content inspected
powerbi/Global Aviation Disruption Assessment 2026 DASHBOARD.Report/definition/pages/90a7379b1f9c8dac5138/visuals/de5f134dd3e6e9a4f7f9/visual.json,powerbi,18088,29dbb8b235193c019779b57e78926193ed47c87785a828a6cc57810da57f61f8,Content inspected
powerbi/Global Aviation Disruption Assessment 2026 DASHBOARD.Report/definition/pages/90a7379b1f9c8dac5138/visuals/e677385d550b3aba1990/visual.json,powerbi,8746,b740d8ff879638e6797342b19ee9b28fae105ed7a0dc31df53d6df0050079d43,Content inspected
powerbi/Global Aviation Disruption Assessment 2026 DASHBOARD.Report/definition/pages/90a7379b1f9c8dac5138/visuals/f2f0bbbf484792868464/visual.json,powerbi,18054,e34769d1d3eb1db4bd7704653a8cf77c9af8f195a0a41f1b8f560dde58bff58b,Content inspected
powerbi/Global Aviation Disruption Assessment 2026 DASHBOARD.Report/definition/pages/90a7379b1f9c8dac5138/visuals/f5310555c6f60042aea6/visual.json,powerbi,15147,e395ed7a08ea1ff1e2fde80e6786fd92fb022f3c4fb767fcedae12c441e52c30,Content inspected
powerbi/Global Aviation Disruption Assessment 2026 DASHBOARD.Report/definition/pages/95892c690bd3e513d0e2/page.json,powerbi,10799,0240acdfa9c33c5340876f202b50a19d1676c58d441bd5aba020d4e1a3b5b6ae,Content inspected
powerbi/Global Aviation Disruption Assessment 2026 DASHBOARD.Report/definition/pages/95892c690bd3e513d0e2/visuals/10b7297324240b7b275a/visual.json,powerbi,5138,f2d52e33712d77478050c057a1cade96ed9567f0b0aa5382dd6259dc549642cd,Content inspected
powerbi/Global Aviation Disruption Assessment 2026 DASHBOARD.Report/definition/pages/95892c690bd3e513d0e2/visuals/17a71dc5169953ec8280/visual.json,powerbi,17635,ad8b0ff1518e4370875cb5fe9ed6355a3f460468e1b9942b876864828522309c,Content inspected
powerbi/Global Aviation Disruption Assessment 2026 DASHBOARD.Report/definition/pages/95892c690bd3e513d0e2/visuals/315ef6bde28aa43203b0/visual.json,powerbi,382,91b50cb0152460e26cd1fa7d3cdca9a0c803dd26b824044d0f89f8f4ad4a640d,Content inspected
powerbi/Global Aviation Disruption Assessment 2026 DASHBOARD.Report/definition/pages/95892c690bd3e513d0e2/visuals/319d29bce830d6b89c46/visual.json,powerbi,17679,63bf34deb0c333fdcb6eaadb7acfd6a09efaf3e6bf6aba55eb5a97f292e33754,Content inspected
powerbi/Global Aviation Disruption Assessment 2026 DASHBOARD.Report/definition/pages/95892c690bd3e513d0e2/visuals/32a4902cd0159cd2550b/visual.json,powerbi,17957,b6745cb385c416d51d362fee9e538a37b2fead687287d8728139b2842c1f7cf3,Content inspected
powerbi/Global Aviation Disruption Assessment 2026 DASHBOARD.Report/definition/pages/95892c690bd3e513d0e2/visuals/3799a080c70d64a893a3/visual.json,powerbi,16889,2a58a7787668a9b304e9bc9e30cd69bc34bc318fcce125dd9fdcf7ea59b6df44,Content inspected
powerbi/Global Aviation Disruption Assessment 2026 DASHBOARD.Report/definition/pages/95892c690bd3e513d0e2/visuals/4203d7e4a46bbbb8eb78/visual.json,powerbi,15579,a7083c3a4943671086ee207bcb73d4728666ac0c117e6c0cca0117b974c491a5,Content inspected
powerbi/Global Aviation Disruption Assessment 2026 DASHBOARD.Report/definition/pages/95892c690bd3e513d0e2/visuals/588a09a17c20ee774006/visual.json,powerbi,18105,2775fba3d5b99e5ee9889cccd7f43c57e051abc4b6d7b828cd5cc6cabcb941f2,Content inspected
powerbi/Global Aviation Disruption Assessment 2026 DASHBOARD.Report/definition/pages/95892c690bd3e513d0e2/visuals/5ee2c4a40b1e65b0d206/visual.json,powerbi,17104,dfc7737bfed54dcf0c992ca7c45e5f3c7802bd7c29ffda2a775b5b4f43499468,Content inspected
powerbi/Global Aviation Disruption Assessment 2026 DASHBOARD.Report/definition/pages/95892c690bd3e513d0e2/visuals/6544d76615174bb3a376/visual.json,powerbi,17429,b71c33c055d9fef6ec5f67356591a722595bf6c923ed23d7cb0ba0ef3750044f,Content inspected
powerbi/Global Aviation Disruption Assessment 2026 DASHBOARD.Report/definition/pages/95892c690bd3e513d0e2/visuals/6664fb20950a6d416400/visual.json,powerbi,4630,c1cc5330e89fe522ffb89851a6ef022d7719387a7de21a5577a90052347ba1fe,Content inspected
powerbi/Global Aviation Disruption Assessment 2026 DASHBOARD.Report/definition/pages/95892c690bd3e513d0e2/visuals/67f9213f5379795643ec/visual.json,powerbi,1637,7316093a0804212f6c9bc6f6eb0cde809e97b1736df3f39d2435fe06446e0011,Content inspected
powerbi/Global Aviation Disruption Assessment 2026 DASHBOARD.Report/definition/pages/95892c690bd3e513d0e2/visuals/7bdcd5209109790b4110/visual.json,powerbi,2196,2151283366703577505b41a63a3a59c4577040adb31bfff53abb5286cbfbf55c,Content inspected
powerbi/Global Aviation Disruption Assessment 2026 DASHBOARD.Report/definition/pages/95892c690bd3e513d0e2/visuals/7e4fa41cb4b99d0c9e22/visual.json,powerbi,9305,802d22f1cffa3e08dab8ad3eb8d92ad0f285b45f4baeeb77f7e24cd41fa1b954,Content inspected
powerbi/Global Aviation Disruption Assessment 2026 DASHBOARD.Report/definition/pages/95892c690bd3e513d0e2/visuals/954fb2af74d097908a7c/visual.json,powerbi,9371,a3d6af0bb6d739de62d72b84c10242ee83b0bae48d2050230a65596baebd6e83,Content inspected
powerbi/Global Aviation Disruption Assessment 2026 DASHBOARD.Report/definition/pages/95892c690bd3e513d0e2/visuals/bb6602a9044e1129465e/visual.json,powerbi,382,39b0051fa8313976365df0bfd22b66a535a01449612d47f315853457a6352d11,Content inspected
powerbi/Global Aviation Disruption Assessment 2026 DASHBOARD.Report/definition/pages/95892c690bd3e513d0e2/visuals/c05120261001c0510001/visual.json,powerbi,9364,6075f867f1fdbf6302d0dc00b0581023bb6ab48fd72be4be48a3f27cce982bdb,Content inspected
powerbi/Global Aviation Disruption Assessment 2026 DASHBOARD.Report/definition/pages/95892c690bd3e513d0e2/visuals/cd9b723e10b5d3544879/visual.json,powerbi,9342,2dfddce325725c501115fd878fc4a89637a670c7eab9d3673172bbb17e13aa27,Content inspected
powerbi/Global Aviation Disruption Assessment 2026 DASHBOARD.Report/definition/pages/95892c690bd3e513d0e2/visuals/d033ce41d175e4056572/visual.json,powerbi,9329,b83af96917c8043998fde8cb0eaa3c9a7ba03126c388716a73e82ce17867a54b,Content inspected
powerbi/Global Aviation Disruption Assessment 2026 DASHBOARD.Report/definition/pages/95892c690bd3e513d0e2/visuals/f2260d57d6106d11a799/visual.json,powerbi,18441,1e461181d6e8a8479f3954c3d7289cc1e38be4ccc590ba9d5c5d03f9b9a6e75c,Content inspected
powerbi/Global Aviation Disruption Assessment 2026 DASHBOARD.Report/definition/pages/pages.json,powerbi,357,ec4c7f3a2d9a04432ccff7d21ff27d7d5e54987fd7df950570e55e72e152f2e1,Content inspected
powerbi/Global Aviation Disruption Assessment 2026 DASHBOARD.Report/definition/report.json,powerbi,1976,4611def2a45008840fb0c5256f64b76901cc2a61f5182c6ddf581d532252e4b6,Content inspected
powerbi/Global Aviation Disruption Assessment 2026 DASHBOARD.Report/definition/version.json,powerbi,152,c8bdd966a85f1eaab4312d2096b6d7b508243e4d7bc5a4d25af3cfcb1056a4e7,Content inspected
powerbi/Global Aviation Disruption Assessment 2026 DASHBOARD.Report/definition.pbir,powerbi,166,3021e860812c848e5eb3ed16e510be4e13c63027bbe6b8f5f14fc46a7479625b,Content inspected
powerbi/Global Aviation Disruption Assessment 2026 DASHBOARD.Report/StaticResources/RegisteredResources/Custom7797690728213884.json,powerbi,440,f3afdae1ab94e4d79bce9a645ec17e90930bc27d80b4636e65b590c7385bfa0c,Content inspected
powerbi/Global Aviation Disruption Assessment 2026 DASHBOARD.Report/StaticResources/SharedResources/BaseThemes/Fluent2-CY26SU08.json,powerbi,99561,5095b493358f0307e2f0a690a48c78ee93886bb70b578e3bfc48186cfc0319af,Content inspected
powerbi/Global Aviation Disruption Assessment 2026 DASHBOARD.SemanticModel/.platform,powerbi,353,b21a9b029c84bca85618e9fbe8eef4a6058b46bce347fc0229e66bf0b6bc4f55,Content inspected
powerbi/Global Aviation Disruption Assessment 2026 DASHBOARD.SemanticModel/definition/cultures/en-IN.tmdl,powerbi,577750,3d81ff4ebc603f62ba230a945bdfead009191df852fe6a99801163f56b284805,Content inspected
powerbi/Global Aviation Disruption Assessment 2026 DASHBOARD.SemanticModel/definition/database.tmdl,powerbi,39,822c914b643bca32bb20abd8a762df8204a1b9ef02acc2bc7348727f6699cb96,Content inspected
powerbi/Global Aviation Disruption Assessment 2026 DASHBOARD.SemanticModel/definition/model.tmdl,powerbi,1473,c67de0670d844c757a198757e5ac9a45095f288a313f98923e736db2b74cbed5,Content inspected
powerbi/Global Aviation Disruption Assessment 2026 DASHBOARD.SemanticModel/definition/relationships.tmdl,powerbi,5149,c83e26ccb694fa4942389d6870dc65282fd8b78e7fa0737a6c8e995640082277,Content inspected
powerbi/Global Aviation Disruption Assessment 2026 DASHBOARD.SemanticModel/definition/tables/aviation conflict_events.tmdl,powerbi,2121,dd58b2b420501341e787de8ba16a8035416852a604a1437ffa79bec304e804f5,Content inspected
powerbi/Global Aviation Disruption Assessment 2026 DASHBOARD.SemanticModel/definition/tables/aviation flight_cancellations.tmdl,powerbi,2941,1fd7b95f414c6b9bf93b8072b89a64fc5f819a0633ae99f4e21d90ac6197c2fa,Content inspected
powerbi/Global Aviation Disruption Assessment 2026 DASHBOARD.SemanticModel/definition/tables/aviation flight_reroutes.tmdl,powerbi,3765,7eea3e39f4247de69457c1d743357d9585077c43dffc189be22490ec69917b03,Content inspected
powerbi/Global Aviation Disruption Assessment 2026 DASHBOARD.SemanticModel/definition/tables/aviation vw_airline_loss_estimate.tmdl,powerbi,1561,a0ad036fb14026d14674b994ede9f53356bf461e72b3971ef8a761ff5c517f88,Content inspected
powerbi/Global Aviation Disruption Assessment 2026 DASHBOARD.SemanticModel/definition/tables/aviation vw_airline_loss_summary.tmdl,powerbi,1656,8336fee2127f4596f725570a6981dd6ff7b513d72a6d19879c20a17d6060bb48,Content inspected
powerbi/Global Aviation Disruption Assessment 2026 DASHBOARD.SemanticModel/definition/tables/aviation vw_airport_disruption.tmdl,powerbi,2348,015c9d34da2504e3ee95e734dcdcc5d6e0555c86efbac57631ae660b1b545ccd,Content inspected
powerbi/Global Aviation Disruption Assessment 2026 DASHBOARD.SemanticModel/definition/tables/aviation vw_airspace_closure.tmdl,powerbi,2746,032830a1920744a6ddd0faf8836e549a78bc91109c38b46c929fab526343e082,Content inspected
powerbi/Global Aviation Disruption Assessment 2026 DASHBOARD.SemanticModel/definition/tables/aviation vw_geopolitical_daily_impact.tmdl,powerbi,2276,045338b722b8e2dab33f1433f9c1fd1e136cfa5a13d6cbd7e6bc3191b9246c94,Content inspected
powerbi/Global Aviation Disruption Assessment 2026 DASHBOARD.SemanticModel/definition/tables/aviation vw_regional_vulnerability.tmdl,powerbi,2562,c010994ad26ce34c9b5bfb2510d457bfb20cadbb0bc88d147bd3dece492e96d9,Content inspected
powerbi/Global Aviation Disruption Assessment 2026 DASHBOARD.SemanticModel/definition/tables/aviation vw_route_passenger_impact.tmdl,powerbi,3228,5b7a1b21c43300419de3f12803bd8a927b3c1565a567b06b14534f4b724e5837,Content inspected
powerbi/Global Aviation Disruption Assessment 2026 DASHBOARD.SemanticModel/definition/tables/DimAirline.tmdl,powerbi,835,ac9f1316b93d4a69de0d2f60884edb12ac4bc2ec7dfb6ad7b0bb80885dcbe3ab,Content inspected
powerbi/Global Aviation Disruption Assessment 2026 DASHBOARD.SemanticModel/definition/tables/DimAirportSeverity.tmdl,powerbi,526,d49eb3639aa405ee91c068641b9d8bf2be824ad875f2c298a4c9db2d9abaab26,Content inspected
powerbi/Global Aviation Disruption Assessment 2026 DASHBOARD.SemanticModel/definition/tables/DimConflictSeverity.tmdl,powerbi,486,1c7775a7a36a805852aee5277b714af64d9db4c2951283bfafabc29dfed4a954,Content inspected
powerbi/Global Aviation Disruption Assessment 2026 DASHBOARD.SemanticModel/definition/tables/DimCountry.tmdl,powerbi,945,b7c12305f3c4fa88855cc300dfceb19257711ccf14526488e2ca0b1f26f2b8d1,Content inspected
powerbi/Global Aviation Disruption Assessment 2026 DASHBOARD.SemanticModel/definition/tables/DimDate.tmdl,powerbi,2223,e610e22fb6af5b0cc3576e00bb1b64e61551092b68ce9e164d0819a09624b3db,Content inspected
powerbi/Global Aviation Disruption Assessment 2026 DASHBOARD.SemanticModel/definition/tables/DimDestinationCountry.tmdl,powerbi,851,b1c59814dbbeb949fff13027c6b608a368e6e813b82fcefeb03c097273ed9e81,Content inspected
powerbi/Global Aviation Disruption Assessment 2026 DASHBOARD.SemanticModel/definition/tables/DimDestinationRegion.tmdl,powerbi,840,004e01fe4e9ce631e332092e33256a6aab49064cd3930052821b768c7ee0c5ac,Content inspected
powerbi/Global Aviation Disruption Assessment 2026 DASHBOARD.SemanticModel/definition/tables/DimOriginCountry.tmdl,powerbi,796,b5912a26bf324e10104d8ac4e6d87f4760853e146e30be17e1ab3a8c3315bafc,Content inspected
powerbi/Global Aviation Disruption Assessment 2026 DASHBOARD.SemanticModel/definition/tables/DimOriginRegion.tmdl,powerbi,785,13196338e554c08b06f15f8f68809fe54b4a5cc9fcca635ebeecc7c3742d07e7,Content inspected
powerbi/Global Aviation Disruption Assessment 2026 DASHBOARD.SemanticModel/definition/tables/DimRegion.tmdl,powerbi,834,56b473723d5af998fec3a68a97abfafdd153682cdc74543c33b10cbd62c887de,Content inspected
powerbi/Global Aviation Disruption Assessment 2026 DASHBOARD.SemanticModel/definition/tables/Operational Factor.tmdl,powerbi,544,4c0f34a590e37c299201375391f8aad248b368484337c4017d7c73660d2b98ad,Content inspected
powerbi/Global Aviation Disruption Assessment 2026 DASHBOARD.SemanticModel/definition/tables/Report Measures.tmdl,powerbi,12005,3b36035be67c016238efb903b7d9dceb3cf254c50899f2b59e168da2b4bb0a81,Content inspected
powerbi/Global Aviation Disruption Assessment 2026 DASHBOARD.SemanticModel/definition.pbism,powerbi,43,ed99ec078efd2ff27fc1c65cc97902138d7d3c438acdb7770ae37dc71c7f06c8,Content inspected
powerbi/Global Aviation Disruption Assessment 2026 DASHBOARD.SemanticModel/diagramLayout.json,powerbi,8570,a978bac08902675670f4b7e35aa22a78619a442729082ed225b37e9d62c3b19e,Content inspected
python/etl/01_airline_losses_etl.py,python,1561,8dcf5866181b3339252565304e9d45a4520fdd2e378b6229bc9186a2e547cbb2,Content inspected
python/etl/02_airline_losses_estimate_etl.py,python,1539,527870df1892e897210ee8d876c2e25bb49cf2d4c1ea416d9949658cbc84b42e,Content inspected
python/etl/03_airport_disruptions_etl.py,python,1846,b0cb3e678ea1323389a9f08c3918c86be03ace145eda5b87cf7d6d9b67a2e14d,Content inspected
python/etl/04_airspace_closures_etl.py,python,2097,703b5c7063bfcc95dbb71e899f277f253add572d1e14942e3fb4a971c92d699f,Content inspected
python/etl/05_conflict_events_etl.py,python,2167,083aded54f8727969cbfc64447464f7029ab1dbb2fda3f9636ed2ccc1b155c7b,Content inspected
python/etl/06_flight_cancellations_etl.py,python,1796,397551cb1e61eb9a33b4412b8b9f4971ae594777ca464ddfef4297bcd1b55d31,Content inspected
python/etl/07_flight_reroutes_etl.py,python,2201,c32a1c1af820f3cdb1be64bd7b4d2946fac1dc12bd8cd0a256747eb798067517,Content inspected
python/utils/helpers.py,python,4668,e12cb24c99c17792899059041dfd74c4a6ac54620eb30cb6920827bfd00f7e63,Content inspected
README.md,README.md,11394,f2add3b0f1f087d2b8948af03adf6a0feeea6034305ac54f1b3f6c02ec0f9079,Content inspected
requirements.txt,requirements.txt,14,f06a393ff78fade1a7590aee00fdbe7ed0206315a7eb08e544e999206294d850,Content inspected
sql/01_database/01_create_database.sql,sql,235,d88fd1bfa0659b7b7831d28f79c077dbfe913e7440366a120462b3e40beb624e,Content inspected
sql/01_database/02_create_schema.sql,sql,247,c1669ace2240e708c97b22261ba4e7a1bfc9d150bf554d91157290040ddec438,Content inspected
sql/01_database/03_create_tables.sql,sql,5766,f1d1df2ad787f2eb31c21bee5003f38d0fc11ca5d153caeec35729bfc76104ee,Content inspected
sql/02_loading/01_load_data.psql,sql,3368,1403593899bec903d1d648a975741905f452036136ffce3d38356c32cc8671ce,Content inspected
sql/03_validation/01_validation.sql,sql,5209,ffaab5fa7dc8c20ae05af9dd840463055a129812181b6f4cc1dd56e52a75d4dd,Content inspected
sql/04_analysis/01_airport_disruption_analysis.sql,sql,1764,13fd9c83d3503ec3345bc60f2fcb959ffa87ac72e196640972187acd0af8a551,Content inspected
sql/04_analysis/02_airline_financial_scenario_analysis.sql,sql,1333,b55224d267d296b3bcca3acc6cf58aa73ee15997091c33e1033a67f38ee87d53,Content inspected
sql/04_analysis/03_airline_estimate_analysis.sql,sql,1809,8aa73d9d54ccbdba8bf39ae3550002fce9e0b96065548ee8708a91e54bacf222,Content inspected
sql/04_analysis/04_geopolitical_temporal_analysis.sql,sql,3225,1fe4c7d6d2946f00f9b54a4e3ce81cc1a48099a4d53a3a9adbd4767a38d457b1,Content inspected
sql/04_analysis/05_regional_route_analysis.sql,sql,1469,baee8ca80361b9c20a2131b106a4ec058967e1d275bbe869ac542021e0673368,Content inspected
sql/04_analysis/06_executive_reconciliation.sql,sql,2327,2a819c525ee0cc8f119be796f6d475c266525c33b723ebf316702bbe64692c40,Content inspected
sql/05_views/01_create_views.sql,sql,11278,a416eb59f37be9756d59443fa46bd4bedc512b1fc376751ac10d76074eb3e50c,Content inspected
visuals/Architecture/.gitkeep,visuals,0,e3b0c44298fc1c149afbf4c8996fb92427ae41e4649b934ca495991b7852b855,Content inspected
visuals/Architecture/Project Architecture.png,visuals,276364,7ceddb3f77a80bd5abc22ebbd2396cf039238cb7949258bb285cf742af27ab87,Current architecture and ERD visually checked; historical assets not current evidence
visuals/Architecture/Project Architecture.svg,visuals,6773,9faf920330d1f4a0de5cf30f91f5a62c1d4c862cb592d7e106761cb563fbae2c,Content inspected
visuals/ERD/.gitkeep,visuals,0,e3b0c44298fc1c149afbf4c8996fb92427ae41e4649b934ca495991b7852b855,Content inspected
visuals/ERD/ERD -1.png,visuals,936561,0eefeb64252de4c0c3657f5b1dda93f6ff8f3aa7bfb035747d9bd3b788ff0f58,Current architecture and ERD visually checked; historical assets not current evidence
visuals/ERD/ERD -1.svg,visuals,34435,82324947be8e82ce02570eaca8dac8f9e60b9d3dc8b60879874c7236be695274,Content inspected
visuals/PowerBI_SS/.gitkeep,visuals,0,e3b0c44298fc1c149afbf4c8996fb92427ae41e4649b934ca495991b7852b855,Content inspected
visuals/PowerBI_SS/01_Executive_Overview.png,visuals,146337,05f35a698592b6d95ae9fdba255cc41df8d7f9352b466498a61f766897bd1a34,Current architecture and ERD visually checked; historical assets not current evidence
visuals/PowerBI_SS/02_Modeled_Financial_Scenarios.png,visuals,144174,43bb98ff44cd8d30769c3bd1695991ce5e683cea33c4be6f20142cd3dfcd1020,Current architecture and ERD visually checked; historical assets not current evidence
visuals/PowerBI_SS/03_Geopolitical_Operational_Disruption.png,visuals,132646,46b8685865a2d18f003df865421fd76000d53057ae259a8348a9c52867eb6779,Current architecture and ERD visually checked; historical assets not current evidence
visuals/PowerBI_SS/04_Regional_Corridor_Vulnerability.png,visuals,140306,a2e2411e4d0af67e27ba78b35481c7561c8393b5b9fd2669f7c186d048ee4dfc,Current architecture and ERD visually checked; historical assets not current evidence
